{"score": 1.0863222147950027, "matrix": [[[1.5497649725192069, 0.7320574448137931, 0.4779817845120413], [0.11910623881278481, -0.9872039354024498, -0.2697537681004738], [-0.2662353599756271, 0.1374011797640844, -0.09642716534940932], [-0.34079550317021456, -1.0918729303987078, -0.2704902857727951]], [[-1.0912931788040754, 0.018792725839311686, 0.4133666980738533], [-1.040100521683544, 0.9904338747243082, -0.9579853196436545], [0.7013700569239179, -0.4438123820129798, 1.3203942779654352], [0.020271365305760014, -0.38685906549746973, -0.8528719377862606]], [[1.2319038593438638, -0.09653715919291472, -0.09825696514705218], [1.0717487208824603, -0.5268203793160382, -0.9722159189763933], [0.11128870504493493, -0.8285521519156278, 0.9776723290718703], [-0.7784332438035737, -0.616380858209358, -1.347809714970475]]]}