{
    "score": 0.8921931978030553,
    "matrix": [[[1.1041128578655055, 0.20668781353375976, 0.12099985693880111],
                [-0.4941247658545458, -0.1514082782948043, -0.38147215861285133],
                [0.4845471520829612, 0.5942987198326686, 0.23624419351630754],
                [0.319680535987622, 0.31437014000718566, -1.1558422073964587]],
                
                [[-1.7463612160162751, 0.1472310214128183, -0.01524314529375026],
                [-0.7336429235031139, -0.4082595961235782, -0.7069245051647801],
                [-1.176443322619579, 0.6074252490298127, 0.26990583232130105],
                [-0.2533170726664711, 0.12132852988454501, 0.3518306189477982]],
                
                [[1.0457417761854972, -0.3449617965226255, -0.1832897067789263],
                [1.4479985475716899, 0.8732126116354546, -1.4517991198334708],
                [1.8637359399012778, 0.019528635301674813, 0.7244447301947063],
                [-0.4881487368282642, 0.9171562725040137, 0.178461366020368]]]
}
